id,first_name,last_name,email,city
2,Moises,Nolot,mnolot1@surveymonkey.com,Banqiao
6,Evania,Trivett,etrivett5@alibaba.com,Cikuya
8,Aidan,Kauble,akauble7@toplist.cz,Sam Chuk
9,Jefferson,Shaw,jshaw8@sfgate.com,Ponggok
14,Nikki,Holywell,nholywelld@comcast.net,Carabamba
15,Lorena,Packe,lpackee@opera.com,‘Izrā
16,Adham,Oakhill,aoakhillf@indiatimes.com,Радишани
17,Wynne,Antoniutti,wantoniuttig@arstechnica.com,Coja
18,Jennine,Keady,jkeadyh@unblog.fr,Dongli
19,Crissie,Dowbiggin,cdowbiggini@eepurl.com,Wangjiahe
20,Morgana,Chatin,mchatinj@umich.edu,Hadano
21,Brand,Bispo,bbispok@psu.edu,Queniquea
22,Brandon,Eve,bevel@archive.org,Pshada
24,Berrie,Forkan,bforkann@creativecommons.org,Fort Worth
25,Timofei,Godin,tgodino@latimes.com,Cabangahan
28,Rey,McMillan,rmcmillanr@squidoo.com,Shuangtang
29,Mala,Conman,mconmans@springer.com,Lazaro Cardenas
30,Bride,Wansbury,bwansburyt@cisco.com,Barrancas
31,Francene,Kingcott,fkingcottu@jugem.jp,Nam Som
32,Giulietta,Philipps,gphilippsv@hexun.com,Maia
33,Natka,Parradice,nparradicew@google.pl,Jinbi
34,Alistair,Albert,aalbertx@360.cn,Hōfu
36,Freddy,Torri,ftorriz@sfgate.com,Hongde
37,Eziechiele,McGrorty,emcgrorty10@weibo.com,København
40,Saleem,Delhay,sdelhay13@blinklist.com,Fuwen
43,Eustacia,Moff,emoff16@timesonline.co.uk,Ciheras
44,Kenna,Manuelli,kmanuelli17@telegraph.co.uk,Sinarwangi
45,Daffie,Kelsey,dkelsey18@myspace.com,Dapdap
47,Tandie,Guillard,tguillard1a@aboutads.info,Zougang
48,Kellen,Bradley,kbradley1b@nifty.com,Rio Largo
51,Hardy,Hakes,hhakes1e@technorati.com,Shīrvān
52,Maura,Cato,mcato1f@boston.com,Petaling Jaya
53,Marcellus,Lenormand,mlenormand1g@fc2.com,Chervonoarmiys’k
55,Win,Bantham,wbantham1i@washington.edu,Zheshart
56,Levin,Montel,lmontel1j@flickr.com,Bat Khela
57,Gayle,Gardner,ggardner1k@nytimes.com,Pākpattan
58,Anallese,Daughtery,adaughtery1l@fc2.com,Jacksonville
60,Mair,Pennigar,mpennigar1n@netscape.com,Xinzheng
61,Rip,Bohlmann,rbohlmann1o@photobucket.com,Miguel Hidalgo
63,Melamie,Marczyk,mmarczyk1q@google.com.hk,Santa Praxedes
64,Vittoria,Harradine,vharradine1r@de.vu,Los Angeles
65,Selina,Lothlorien,slothlorien1s@nature.com,Brest
66,Rodolphe,Rumney,rrumney1t@artisteer.com,Minneapolis
67,Angelique,McNamara,amcnamara1u@usa.gov,Shijak
68,Portie,Monck,pmonck1v@admin.ch,Chikola
70,Mill,Brimblecombe,mbrimblecombe1x@themeforest.net,Nong Phok
72,Lorelei,Brundle,lbrundle1z@apple.com,Tanuma
73,Monah,Hinzer,mhinzer20@unicef.org,Xilong
74,Kori,Arnholtz,karnholtz21@dagondesign.com,Bang Khon Thi
75,Jammal,Leaburn,jleaburn22@fastcompany.com,San Francisco
76,Curtis,Greeves,cgreeves23@japanpost.jp,Čortanovci
79,Ode,Newvill,onewvill26@newsvine.com,Lidingö
80,Josefina,Zamudio,jzamudio27@github.io,Kurlovo
81,Sada,Townend,stownend28@webs.com,Stockholm
84,Jard,Hazeldene,jhazeldene2b@rakuten.co.jp,Huzhuang
85,Shelby,MacAnulty,smacanulty2c@msn.com,Petushki
88,Page,Dulling,pdulling2f@ameblo.jp,Beckerich
90,Shanan,Caesman,scaesman2h@wiley.com,Motrico
92,Clementina,Veeler,cveeler2j@webeden.co.uk,Pawa
95,Patti,De Maria,pdemaria2m@sphinn.com,Motge
98,Chase,Bawles,cbawles2p@webeden.co.uk,Wupu
99,Franny,Surgenor,fsurgenor2q@jugem.jp,Gostivar
101,Martainn,Thurstan,mthurstan2s@t-online.de,Corpus Christi
102,Chas,Scaddon,cscaddon2t@uol.com.br,Milaor
103,Gwenneth,Luckey,gluckey2u@guardian.co.uk,Mesopotamía
105,Robby,Winterton,rwinterton2w@adobe.com,Palmerston North
106,Vilma,Bigg,vbigg2x@nhs.uk,Saint-Ouen
107,Gerick,Dick,gdick2y@huffingtonpost.com,Kamnica
108,Flo,Crunden,fcrunden2z@apple.com,Biaoshan
110,Raviv,Perkins,rperkins31@wordpress.com,Mendoza
111,Hobard,Padilla,hpadilla32@ted.com,Trosa
113,Nanci,Bodill,nbodill34@qq.com,Markušica
115,Langsdon,Farryan,lfarryan36@google.cn,Masape
116,Nalani,Norbury,nnorbury37@github.com,Cirateun
117,Tom,Bricksey,tbricksey38@wiley.com,Jiebu
120,Jordain,Fells,jfells3b@admin.ch,Tākestān
122,Emmey,Stooke,estooke3d@marketwatch.com,Kladi
123,Lettie,Adie,ladie3e@un.org,Huayuan
124,Garrard,Perkis,gperkis3f@cbslocal.com,Olszanica
125,Keelia,Malyj,kmalyj3g@themeforest.net,Xinglong
127,Cathee,Huerta,chuerta3i@cnn.com,Santo Niño
128,Brooke,Derwin,bderwin3j@reuters.com,Caxarias
129,Ambrosius,Patifield,apatifield3k@ftc.gov,Alejo Ledesma
130,Obidiah,Malloy,omalloy3l@netvibes.com,Ila Orangun
132,Raleigh,Girvan,rgirvan3n@wiley.com,Muaralembu
133,Vasilis,Forster,vforster3o@pen.io,Ust’-Abakan
135,Jennette,Kerrey,jkerrey3q@newyorker.com,Paris 06
138,Olly,Ind,oind3t@reference.com,Inya
141,Caressa,Milbourne,cmilbourne3w@digg.com,Pensilvania
142,Minnie,O'Hartnett,mohartnett3x@photobucket.com,Magdug
143,Shelby,Gettings,sgettings3y@jimdo.com,Dongxiang
144,Aviva,Eadie,aeadie3z@wordpress.org,Qal‘eh-ye Khvājeh
146,Gar,Pinniger,gpinniger41@gravatar.com,Easington
149,Farra,Dey,fdey44@hibu.com,Wien
151,Zachary,Penberthy,zpenberthy46@cam.ac.uk,Dhahi
152,Stacy,Donnellan,sdonnellan47@dell.com,Xinpu
154,Darcie,O'Sheerin,dosheerin49@techcrunch.com,Manicahan
155,Judith,Branton,jbranton4a@vinaora.com,Palomoc
157,Sheena,Owbridge,sowbridge4c@prweb.com,Karasuk
158,Nadine,Showt,nshowt4d@cnn.com,Ketian
159,Merrick,Schoales,mschoales4e@reference.com,Mitú
160,Viva,de Amaya,vdeamaya4f@squarespace.com,Lagyná
161,Pearla,Lissimore,plissimore4g@mail.ru,Santa Fe
162,Cornelius,Gillies,cgillies4h@photobucket.com,Nesterovskaya
164,Kip,Sweetman,ksweetman4j@businessweek.com,Kotovs’k
165,Inez,Bridges,ibridges4k@furl.net,Nanlu
166,Marnia,Juares,mjuares4l@fda.gov,Novouzensk
168,Joanie,Moubray,jmoubray4n@quantcast.com,Inírida
169,Elfrida,Glenny,eglenny4o@nature.com,Pamanukan
172,Arnaldo,Houselee,ahouselee4r@redcross.org,Jingmen
173,Enriqueta,Scholig,escholig4s@liveinternet.ru,Wenquan
175,Lindy,Coleson,lcoleson4u@cdc.gov,Ferme-Neuve
176,Cornall,Bach,cbach4v@w3.org,Leidschendam
177,Norrie,St Ange,nstange4w@noaa.gov,Hässelby
178,Andros,Loadsman,aloadsman4x@twitter.com,Chợ Lầu
181,Carla,Copo,ccopo50@si.edu,Yasynuvata
182,Hiram,Woolmer,hwoolmer51@uol.com.br,Hronov
183,Evvie,Becaris,ebecaris52@example.com,Fengjiang
184,Annabal,Rubroe,arubroe53@slate.com,Suna
186,Harris,Hurdis,hhurdis55@uiuc.edu,Meylan
187,Anne,MacIllrick,amacillrick56@homestead.com,Yuchi
190,Wiatt,Jewise,wjewise59@exblog.jp,Haikou
192,Paula,Hurley,phurley5b@reuters.com,Naagas
193,Royall,Emmison,remmison5c@github.io,Chagou
194,Karee,Hardaker,khardaker5d@cafepress.com,Aquia
195,Dalton,Linklater,dlinklater5e@wikipedia.org,Tomigusuku
196,Henrie,Duinkerk,hduinkerk5f@soundcloud.com,Qian’an
197,Esdras,Peidro,epeidro5g@meetup.com,Bongued
198,Pacorro,Cardoo,pcardoo5h@technorati.com,Dalovice
199,Valentine,Hancox,vhancox5i@cloudflare.com,Cabungan
201,Maggi,Ruscoe,mruscoe5k@prlog.org,Prochnookopskaya
202,Aurie,Caslett,acaslett5l@clickbank.net,Blainville
203,Arleyne,Theze,atheze5m@narod.ru,Barranquilla
204,Del,Serchwell,dserchwell5n@lulu.com,Chenghe
205,Ham,Budding,hbudding5o@columbia.edu,Ivanivka
206,Tamara,Wontner,twontner5p@google.co.jp,Telagaselaba
208,Daisy,Babonau,dbabonau5r@earthlink.net,Wenfu
209,Kevon,Olczak,kolczak5s@networkadvertising.org,Nkurenkuru
210,Ameline,Robertelli,arobertelli5t@dion.ne.jp,Aghada
214,Edmon,O'Hoolahan,eohoolahan5x@creativecommons.org,Wu’an
215,Heath,Guise,hguise5y@google.com.hk,Ellös
217,Gizela,Brightling,gbrightling60@ftc.gov,Saint-Laurent-du-Var
218,Brennen,Avory,bavory61@edublogs.org,Zhongling
219,Elysee,Novello,enovello62@etsy.com,Linköping
222,Kordula,Choppin,kchoppin65@unicef.org,Shuangtang
223,Jemima,Quainton,jquainton66@dagondesign.com,Aloleng
224,Agna,Mussington,amussington67@printfriendly.com,Medvedovskaya
225,Ferdie,Fullerlove,ffullerlove68@fc2.com,Houyu
226,Darell,Spellissy,dspellissy69@loc.gov,Izumiōtsu
229,Nonnah,Backhurst,nbackhurst6c@patch.com,Noşratābād
230,Ayn,Jandel,ajandel6d@drupal.org,Pyhäselkä
231,Wilmar,Daniello,wdaniello6e@ocn.ne.jp,Baoji
232,Ailee,Maps,amaps6f@foxnews.com,Baruchowo
233,Audie,Grebner,agrebner6g@umn.edu,Sredno Konjare
234,Louisette,Aimeric,laimeric6h@upenn.edu,Horad Pinsk
235,Loutitia,Vidloc,lvidloc6i@adobe.com,Isanlu Itedoijowa
236,Jenine,Soltan,jsoltan6j@ezinearticles.com,Voinjama
237,Parke,Marti,pmarti6k@virginia.edu,Sulengwaseng
241,Charis,Wyldbore,cwyldbore6o@blogtalkradio.com,Marki
242,Bertrand,Coughan,bcoughan6p@bing.com,Bugcaon
243,Frieda,Salisbury,fsalisbury6q@hc360.com,Kabukarudi
244,Heda,Minihane,hminihane6r@cbslocal.com,Marčelji
246,Korney,Angear,kangear6t@princeton.edu,Kishorganj
247,Casie,Eginton,ceginton6u@moonfruit.com,George Hill
248,Vladimir,Botler,vbotler6v@huffingtonpost.com,Lucaya
249,Merrel,Oakhill,moakhill6w@sphinn.com,Sabangan
250,Constancia,O'Doohaine,codoohaine6x@dot.gov,Montbéliard
253,Jaquelin,Lindsey,jlindsey70@gmpg.org,Na Di
254,Dell,Austwick,daustwick71@meetup.com,Pechenizhyn
256,Sasha,Ivoshin,sivoshin73@pagesperso-orange.fr,Sofifi
257,Clim,Youle,cyoule74@so-net.ne.jp,Norrköping
258,Lois,Marvelley,lmarvelley75@free.fr,Luhyny
259,Nanete,Gimert,ngimert76@istockphoto.com,Hostěradice
260,Juanita,Ajean,jajean77@spiegel.de,Shchastya
261,Pearline,Spours,pspours78@wikipedia.org,Lajeosa do Mondego
262,Queenie,Fearn,qfearn79@google.com.hk,Danao
264,Ginevra,MacClancey,gmacclancey7b@bing.com,Qinghua
266,Francis,Dwyer,fdwyer7d@cnn.com,Alexandria
267,Jeth,Larmuth,jlarmuth7e@discuz.net,Nantou
268,Gill,Lusk,glusk7f@techcrunch.com,Huangzhou
269,Clemente,Wayt,cwayt7g@hp.com,Andalucía
270,Sheree,Bocke,sbocke7h@163.com,Retenggoma
271,Joana,Schwandner,jschwandner7i@imageshack.us,Notodden
272,Forrester,Brilleman,fbrilleman7j@washingtonpost.com,Loma
273,Mirabella,Hilling,mhilling7k@mapy.cz,Iwata
276,Shermy,Flatt,sflatt7n@t.co,Huashan
277,Budd,Benadette,bbenadette7o@tuttocitta.it,Altan Emel
278,Mauricio,Cloney,mcloney7p@harvard.edu,Saint-Tite
280,Janessa,Dowles,jdowles7r@dion.ne.jp,El Matama
282,Dud,Bricklebank,dbricklebank7t@bizjournals.com,Ożarów
283,Candie,Wordington,cwordington7u@mayoclinic.com,Ōtsuchi
284,Berk,Shannahan,bshannahan7v@seattletimes.com,Manique
285,Niko,Petera,npetera7w@e-recht24.de,Cambarus
286,Kyrstin,Richemond,krichemond7x@fotki.com,Romanovo
287,Arielle,Agus,aagus7y@dyndns.org,Rio Formoso
288,Ralph,Pratten,rpratten7z@ucsd.edu,Ganjiangtou
289,Myrle,Spaughton,mspaughton80@slideshare.net,Villefontaine
290,Meir,Chelley,mchelley81@dropbox.com,Rosh Ha‘Ayin
291,Elnore,Bratton,ebratton82@posterous.com,Baishan
292,Laural,Somerville,lsomerville83@mlb.com,Abang
294,Granville,Pletts,gpletts85@yelp.com,Neryungri
295,Jayme,O'Shields,joshields86@virginia.edu,Rio Largo
296,Warde,Mochar,wmochar87@npr.org,Hlybokaye
297,Sayre,Reidie,sreidie88@ebay.com,Phú Mỹ
298,Glenn,Beccera,gbeccera89@usa.gov,San Diego
303,Allan,Kitchenside,akitchenside8e@google.fr,Óbidos
305,Darius,Becconsall,dbecconsall8g@nih.gov,Shchëkino
306,Thane,Newns,tnewns8h@meetup.com,Mozelos
307,Gavin,Clutheram,gclutheram8i@weebly.com,Choloma
309,Gill,Crummay,gcrummay8k@usnews.com,Rosice
310,Daniel,Dadge,ddadge8l@senate.gov,Citeguh
313,Mac,Kedge,mkedge8o@baidu.com,Novo Horizonte
314,Maxie,Schubbert,mschubbert8p@timesonline.co.uk,Suwa
316,Mair,Danet,mdanet8r@usa.gov,Bulog
318,Mal,Dellit,mdellit8t@apple.com,Mangusu
319,Maressa,Trood,mtrood8u@chronoengine.com,Kawaliwu
320,Elinore,Nutbeam,enutbeam8v@hc360.com,San Sebastián
321,Bobby,MacAlees,bmacalees8w@alibaba.com,Zhitan
323,Janice,Bandy,jbandy8y@surveymonkey.com,Yima
324,Toby,Torbeck,ttorbeck8z@ustream.tv,Đắk Song
327,Jillana,Rillatt,jrillatt92@virginia.edu,Golacir
328,Yvette,Mitham,ymitham93@vistaprint.com,Margoyoso
329,Kirsteni,Kynett,kkynett94@behance.net,Xinba
330,Celestina,Raft,craft95@google.fr,Ush-Tyube
331,Fania,Jendricke,fjendricke96@tamu.edu,Yaguaraparo
332,Lynn,Sheere,lsheere97@opensource.org,Sima
333,Layla,O'Kinneally,lokinneally98@japanpost.jp,Cikiruh Wetan
334,Reggis,Tordoff,rtordoff99@usda.gov,Sayansk
335,Malinde,Trowel,mtrowel9a@typepad.com,Lewokluok
339,Tamarra,Nairns,tnairns9e@marriott.com,Ubonratana
341,Brenda,McQuaker,bmcquaker9g@usa.gov,Anderstorp
343,Hersch,Kirkham,hkirkham9i@exblog.jp,Qalaikhumb
344,Daniella,Corson,dcorson9j@about.me,Luodian
346,Patrick,Albers,palbers9l@imageshack.us,Diang
347,Antonia,Esposita,aesposita9m@discuz.net,Gagarin
350,Dulci,Whittick,dwhittick9p@rediff.com,Goúvai
351,Lauretta,Headington,lheadington9q@goodreads.com,Khadīr
352,Batholomew,Michelotti,bmichelotti9r@godaddy.com,Bislig
353,Bari,McAusland,bmcausland9s@wikia.com,Erniusuokou
355,Addy,Pevie,apevie9u@salon.com,Miaogou
356,Israel,Girth,igirth9v@bing.com,Ḩabūr
357,Lemmy,Gallon,lgallon9w@psu.edu,Kanye
358,Otho,Gillise,ogillise9x@wisc.edu,Pag
359,Mirelle,Brownsey,mbrownsey9y@stumbleupon.com,Sendangkemulian
361,Theodore,Ludford,tludforda0@comsenz.com,Stockholm
362,Adolphe,Maillard,amaillarda1@skyrock.com,Yartsevo
367,Hamlin,Nevison,hnevisona6@ebay.com,Puhechang
369,Minette,Simmons,msimmonsa8@opensource.org,Jiangluo
370,Verene,Stenyng,vstenynga9@nymag.com,Krajan
372,Tarah,Blackway,tblackwayab@hatena.ne.jp,Kihurio
373,Sharl,Sines,ssinesac@japanpost.jp,Tadou
375,Addison,Swanbourne,aswanbourneae@unblog.fr,Birnin Kebbi
376,Abbi,Lefwich,alefwichaf@marriott.com,Oropós
377,Rossie,Amery,rameryag@mayoclinic.com,Niihama
378,Joelynn,Witherbed,jwitherbedah@ustream.tv,Cigalontang
379,Doloritas,Rawkesby,drawkesbyai@ning.com,Montauban
380,Hortense,Kindleysides,hkindleysidesaj@tumblr.com,Delingha
381,Freddie,Hearfield,fhearfieldak@smugmug.com,Yemva
382,Henrie,Shoesmith,hshoesmithal@chron.com,Arcachon
386,Sigfrid,Caldero,scalderoap@yahoo.com,Sirindhorn
387,Leonanie,Grinnikov,lgrinnikovaq@51.la,Sơn Tây
388,Leesa,McDoual,lmcdoualar@zdnet.com,Zagórów
389,Ardenia,Coggings,acoggingsas@domainmarket.com,Iwierzyce
391,Janeczka,Till,jtillau@abc.net.au,Kyrenia
392,Nicolette,St. John,nstjohnav@yelp.com,Aegela
393,Butch,Salsberg,bsalsbergaw@amazon.co.uk,Saint-Pierre-Montlimart
395,Brocky,Spittle,bspittleay@delicious.com,Pozo Hondo
396,Martyn,Pyecroft,mpyecroftaz@washingtonpost.com,Lazo
397,Esdras,Ocklin,eocklinb0@tuttocitta.it,Nagareyama
398,Stephine,Rocco,sroccob1@vinaora.com,Shirokovskiy
401,Corny,Chamberlin,cchamberlinb4@salon.com,Örebro
402,Sammy,Drakes,sdrakesb5@drupal.org,Melikkrajan
403,Neall,Thornbarrow,nthornbarrowb6@google.de,Camangcamang
404,Chelsey,Menchenton,cmenchentonb7@typepad.com,Las Ánimas
405,Kathryn,Klasen,kklasenb8@dedecms.com,Kertanegla
407,Hedi,Scholefield,hscholefieldba@amazon.com,Agrela
408,Delia,Albutt,dalbuttbb@ed.gov,Barbosa
413,Sophey,Sabates,ssabatesbg@techcrunch.com,Al Khafsah
414,Eydie,Tilbey,etilbeybh@cnbc.com,Morangis
415,Tremayne,Mushett,tmushettbi@huffingtonpost.com,Ntoroko
416,Sher,Fortnum,sfortnumbj@skyrock.com,Thionville
418,Ardeen,Garlette,agarlettebl@clickbank.net,Besançon
420,Laird,Roscamp,lroscampbn@unc.edu,Taketoyo
421,Beitris,Abbets,babbetsbo@odnoklassniki.ru,Djibouti
423,Enrico,Rushforth,erushforthbq@diigo.com,Jiangchuanlu
424,Ferguson,Lukasik,flukasikbr@tinyurl.com,Labrador
425,Delila,MacCaughey,dmaccaugheybs@economist.com,Mozdok
426,Mordecai,Beldam,mbeldambt@pcworld.com,Santa Lucia
427,Tomlin,Hatherill,thatherillbu@google.com.hk,Nuevo Emperador
428,Conn,Duxbarry,cduxbarrybv@chicagotribune.com,Moyo
429,Paddy,Pau,ppaubw@qq.com,Ampelákia
431,Kissie,Nesfield,knesfieldby@scientificamerican.com,Arvayheer
432,Celine,Pariss,cparissbz@irs.gov,Karangkedawung
433,Cori,Novic,cnovicc0@wunderground.com,Nantes
435,Gilberto,O'Grady,gogradyc2@fema.gov,Mannheim
436,Kissie,Sabben,ksabbenc3@cnn.com,Pogag
437,Fanni,Ditzel,fditzelc4@latimes.com,Bąków
438,Myrle,Midgely,mmidgelyc5@ning.com,Kaingiwa
439,Hirsch,Brognot,hbrognotc6@youku.com,Mamara
440,Hermy,Ingleson,hinglesonc7@statcounter.com,Sajan
441,Aggi,Bruhke,abruhkec8@bluehost.com,Yangiyŭl
442,Claudina,Simnell,csimnellc9@yale.edu,Virginia Beach
443,Langston,Firby,lfirbyca@sakura.ne.jp,Marcara
444,Selinda,Rumming,srummingcb@creativecommons.org,Pirassununga
446,Seline,Kemshell,skemshellcd@themeforest.net,Oslo
447,Franchot,Konzel,fkonzelce@woothemes.com,Novopskov
448,Frederigo,Kitchin,fkitchincf@go.com,Myasnikyan
449,Roderic,Purkess,rpurkesscg@wsj.com,Skotoússa
450,Kleon,Thomassin,kthomassinch@indiegogo.com,Tupambaé
451,Ema,McKinn,emckinnci@cnbc.com,Dongfanghong
452,Lucho,Doore,ldoorecj@foxnews.com,Kuching
453,Mac,Littlejohn,mlittlejohnck@go.com,San Jorge
454,Carmon,Murrhardt,cmurrhardtcl@ibm.com,Émponas
458,Devora,Whittier,dwhittiercp@chronoengine.com,Moutnice
459,Claiborn,Paolini,cpaolinicq@un.org,Masantol
460,Sammie,Bettles,sbettlescr@github.com,Yege
461,Dyana,Olin,dolincs@sakura.ne.jp,Pārūn
462,Clarabelle,Fairbank,cfairbankct@feedburner.com,Manuel Antonio Mesones Muro
463,Liana,Pinfold,lpinfoldcu@uiuc.edu,Tianjiazhuang
464,Britt,Webborn,bwebborncv@scientificamerican.com,Shabel’skoye
465,Ase,Lainge,alaingecw@domainmarket.com,Haarlem
467,Clerc,Ruzic,cruziccy@netlog.com,Dasiping
468,Heidi,Katte,hkattecz@mtv.com,Ersekë
469,Alaine,Trousdale,atrousdaled0@nydailynews.com,Itapagé
471,Wendi,Oldam,woldamd2@cyberchimps.com,Veiga
472,Laina,Bagshawe,lbagshawed3@wired.com,Coronel Vivida
473,Cleveland,Simondson,csimondsond4@printfriendly.com,Shimen
474,Sunny,McRitchie,smcritchied5@bluehost.com,Santo Domingo Oeste
476,Jervis,Alyutin,jalyutind7@mayoclinic.com,Gandorhun
477,Katrinka,Breadmore,kbreadmored8@angelfire.com,Magisterial
478,Claudio,Netherwood,cnetherwoodd9@cbsnews.com,Alangalang
481,Sherlock,Bourges,sbourgesdc@etsy.com,Barão de Cocais
483,Maiga,Kibby,mkibbyde@cdbaby.com,Qujiang
486,Anstice,Mundford,amundforddh@arstechnica.com,Tanglag
487,Rriocard,Talboy,rtalboydi@china.com.cn,Bom Despacho
488,Darelle,Royden,droydendj@webeden.co.uk,Geneng Tengah
489,Jedidiah,Norton,jnortondk@artisteer.com,Couva
490,Lauraine,Dicky,ldickydl@ning.com,Smedjebacken
492,Therese,Huxstep,thuxstepdn@taobao.com,Bełsznica
494,Zaneta,Lawly,zlawlydp@spiegel.de,Kawungsari
495,Seth,Tibols,stibolsdq@usnews.com,Karditsomagoúla
496,Drugi,Grimsdell,dgrimsdelldr@hexun.com,Lille
497,Vite,Studd,vstuddds@ask.com,Frankfort
500,Bamby,Warrington,bwarringtondv@soundcloud.com,Kampong Chhnang
501,Gretel,Prier,gprierdw@parallels.com,Sanming
503,Cull,Phillpotts,cphillpottsdy@cisco.com,Selebi-Phikwe
504,Linnet,McNelis,lmcnelisdz@mapquest.com,La Paz
507,Jacklin,Powder,jpowdere2@cdc.gov,São Mateus
508,Guido,Stillmann,gstillmanne3@dedecms.com,São Sebastião
509,Lucilia,Davana,ldavanae4@deviantart.com,Kalajoki
511,Lennie,Nutty,lnuttye6@noaa.gov,Bolnisi
512,Mitchell,Slight,mslighte7@sina.com.cn,Jangas
513,Dexter,Larose,dlarosee8@tuttocitta.it,Budva
514,Elnar,Igonet,eigonete9@bandcamp.com,San Miguel
516,Penni,Kike,pkikeeb@harvard.edu,Boliden
518,Gelya,Woods,gwoodsed@purevolume.com,Gradishtë
519,Hy,Matushevich,hmatushevichee@state.gov,Qingshui
520,Samara,Birth,sbirthef@amazon.co.jp,Kavallári
521,Shelba,Boyat,sboyateg@craigslist.org,Puerto Deseado
522,Ramsay,Moxham,rmoxhameh@cargocollective.com,Sirāhā
523,Emerson,Peffer,epefferei@globo.com,Orlando
524,Pen,Bradock,pbradockej@unesco.org,Anulid
525,Robbin,Tunnoch,rtunnochek@1und1.de,Samokov
526,Sheridan,Ravilious,sraviliousel@tuttocitta.it,Yingzai
528,Lishe,Aughtie,laughtieen@vinaora.com,Potelych
530,Joyous,Mallinson,jmallinsonep@linkedin.com,Feteira Grande
531,Jillene,Renard,jrenardeq@wordpress.com,Zhenzhushan
532,Kaitlin,Thundercliffe,kthundercliffeer@skype.com,Hekou
533,Rodrigo,Ivantyev,rivantyeves@washingtonpost.com,Jardim
535,Kile,Caulcutt,kcaulcutteu@xing.com,Sharkawshchyna
536,Lorene,Andrews,landrewsev@blogtalkradio.com,Bordeaux
537,Mavra,Plaunch,mplaunchew@hud.gov,Bebandem
538,Sid,Iczokvitz,siczokvitzex@npr.org,Saint John
539,Cara,Adess,cadessey@irs.gov,Turpo
540,Lanie,Scardefield,lscardefieldez@prweb.com,Stockholm
542,Augustin,Peddersen,apeddersenf1@engadget.com,Naran Bulag
543,Selene,Fernando,sfernandof2@amazon.co.jp,Irosin
544,Petr,Jose,pjosef3@cisco.com,Jawf al Maqbābah
545,Sonnnie,Corrington,scorringtonf4@mozilla.org,Laranganglintong
548,Michele,Amthor,mamthorf7@ebay.com,Shengmi
550,Griff,Nickerson,gnickersonf9@meetup.com,Maipú
551,Lilas,Margrett,lmargrettfa@alexa.com,Sandachō
552,Winston,Brigstock,wbrigstockfb@over-blog.com,Ban Na Muang
555,Jermayne,Franck,jfranckfe@squidoo.com,Wenfu
556,Adiana,Arboine,aarboineff@buzzfeed.com,Thívai
557,Nelie,Heinemann,nheinemannfg@surveymonkey.com,Inongo
558,Thedrick,Thebe,tthebefh@devhub.com,Oesena
559,Obadiah,Morforth,omorforthfi@ted.com,Wufeng
560,Austin,Bengle,abenglefj@pcworld.com,Al Khushnīyah
561,Pietrek,Corse,pcorsefk@discovery.com,Mapinrea
565,Geri,Moller,gmollerfo@elpais.com,Verona
566,Rubia,Bilham,rbilhamfp@samsung.com,Halayhay
568,Sawyere,Chicco,schiccofr@goo.ne.jp,Madimba
569,Gordie,Dowda,gdowdafs@imageshack.us,Pandansari
570,Steffie,Denison,sdenisonft@dailymotion.com,Chilliwack
571,Colman,Godbehere,cgodbeherefu@businessweek.com,Patsi
573,Dael,Roebuck,droebuckfw@spiegel.de,Wuduhe
575,Desmond,Folliott,dfolliottfy@ycombinator.com,Las Matas de Santa Cruz
576,Dirk,Chritchley,dchritchleyfz@sfgate.com,Raszowa
577,Inger,Dumingo,idumingog0@pagesperso-orange.fr,Baoxing
578,Feodora,Sitch,fsitchg1@miibeian.gov.cn,Lille
581,Leigh,Huggon,lhuggong4@timesonline.co.uk,Quán Hành
582,Harris,Fincham,hfinchamg5@vinaora.com,Marabá
583,Maurits,Sowden,msowdeng6@aol.com,Velikovechnoye
584,Sigismondo,Musker,smuskerg7@delicious.com,Simpang
585,Hilton,Placidi,hplacidig8@deviantart.com,Xinxing
586,Ninon,Varndell,nvarndellg9@de.vu,Guadalupe
588,Paola,Simoni,psimonigb@github.io,Himi
590,Der,Dreng,ddrenggd@si.edu,Naushahro Fīroz
592,Winona,Simeone,wsimeonegf@livejournal.com,Tver
593,Daven,Barnshaw,dbarnshawgg@mapy.cz,Kabardinka
594,Idelle,Sambrok,isambrokgh@opera.com,Pacatuba
597,Sidonia,Seebright,sseebrightgk@shutterfly.com,Okhansk
598,Tammy,Brigdale,tbrigdalegl@soup.io,Ponong
599,Lucas,Ungerecht,lungerechtgm@angelfire.com,Kamieniec Wrocławski
600,Layney,Ubee,lubeegn@youtube.com,Hufeng
601,Madlin,Gytesham,mgyteshamgo@mlb.com,Hiji
602,Wyndham,Sinfield,wsinfieldgp@virginia.edu,Shitan
603,Elonore,Cheetam,echeetamgq@nytimes.com,Wasogolo
604,Stephie,Janik,sjanikgr@exblog.jp,Pattani
605,Othelia,Ordelt,oordeltgs@dyndns.org,Tapiramutá
608,Mirilla,Duker,mdukergv@mapquest.com,Ivry-sur-Seine
609,Lexy,Warrier,lwarriergw@hatena.ne.jp,Orzesze
610,Ignaz,Rodrigo,irodrigogx@jugem.jp,Derhachi
611,Laurice,Sterke,lsterkegy@delicious.com,Tīrān
612,Haleigh,Wallen,hwallengz@moonfruit.com,Sandefjord
613,Mahala,Goymer,mgoymerh0@upenn.edu,Qinghe
614,Wiatt,Skae,wskaeh1@stumbleupon.com,Shuangxikou
615,Emily,Brigge,ebriggeh2@xrea.com,Ndwedwe
616,Chandal,Serris,cserrish3@google.cn,Tambulatana
617,Ky,Dulany,kdulanyh4@merriam-webster.com,Kohāt
618,Abigael,Cohane,acohaneh5@youtu.be,Valado dos Frades
620,Cherlyn,Kurt,ckurth7@hatena.ne.jp,Sukoreno
622,Bernete,Pibworth,bpibworthh9@upenn.edu,Kampungmasjid
624,Giffard,Jery,gjeryhb@java.com,Tytuvėnėliai
625,Evaleen,Abrahamowitcz,eabrahamowitczhc@scribd.com,Braga
626,Joannes,Bradlaugh,jbradlaughhd@so-net.ne.jp,Lakbok
627,Donelle,Heliar,dheliarhe@newsvine.com,Puerto Esperanza
629,Salmon,Gladdish,sgladdishhg@newsvine.com,Citeureup
632,Lynn,Medina,lmedinahj@cafepress.com,Janaka
633,Duffie,Florentine,dflorentinehk@e-recht24.de,Pleshanovo
635,Nichole,Le Fleming,nlefleminghm@nasa.gov,Alta
636,Leon,Highway,lhighwayhn@live.com,São Bento
638,Sharla,Askaw,saskawhp@washingtonpost.com,Радолишта
639,Claudianus,Harwell,charwellhq@va.gov,Gowurdak
640,Kassey,Feige,kfeigehr@miibeian.gov.cn,Paagahan
641,Jade,Goshawk,jgoshawkhs@topsy.com,Āgaro
642,Gwenette,Showen,gshowenht@liveinternet.ru,Ell
643,Lesli,Salkild,lsalkildhu@netlog.com,Mānānwāla
644,Annelise,Maykin,amaykinhv@hud.gov,Paris 07
645,Brig,Du Pre,bduprehw@yahoo.co.jp,Hobart
646,Trevar,Theze,tthezehx@jalbum.net,Mojolampir
647,Lethia,Haggath,lhaggathhy@exblog.jp,Sanshilipu
650,Farra,Paschke,fpaschkei1@ed.gov,Dingbao
651,Giuseppe,Marchiso,gmarchisoi2@tuttocitta.it,Bolboc
652,Corrina,Hellmore,chellmorei3@xrea.com,Olenegorsk
653,Dudley,Jendas,djendasi4@japanpost.jp,Mandala
654,Iris,Extil,iextili5@apache.org,Anserma
657,Marne,Rayhill,mrayhilli8@biblegateway.com,Lima
660,Tracy,Canero,tcaneroib@angelfire.com,Myaydo
661,Hadrian,Mitchenson,hmitchensonic@umich.edu,Eslāmābād
662,Ram,Fretwell,rfretwellid@google.fr,El Parco District
667,Andreas,Yglesias,ayglesiasii@plala.or.jp,Liwu
668,Demetris,McNirlin,dmcnirlinij@a8.net,Itararé
669,Franchot,Quartermain,fquartermainik@tinyurl.com,Solânea
671,Cati,Coling,ccolingim@telegraph.co.uk,Cedar Rapids
673,Binny,Hulle,bhulleio@reference.com,Dok Kham Tai
674,Ema,Binny,ebinnyip@devhub.com,Kostomuksha
675,Cairistiona,Nasey,cnaseyiq@google.fr,Surovikino
676,Lebbie,Buttriss,lbuttrissir@vimeo.com,Buenavista
677,Laural,Welland,lwellandis@adobe.com,Markušica
678,Charlot,Nortcliffe,cnortcliffeit@mysql.com,Reforma
679,Gordie,Padrick,gpadrickiu@archive.org,Fuzhiping
680,Gwenni,Gilmour,ggilmouriv@mozilla.com,Trondheim
682,Abe,Vivash,avivashix@yelp.com,Puck
683,Hildegarde,Giddings,hgiddingsiy@opensource.org,Zolotonosha
684,Bernadette,Stronge,bstrongeiz@de.vu,Pervomayskoye
685,Tiff,Duer,tduerj0@dropbox.com,Yuci
687,Lombard,Classen,lclassenj2@yolasite.com,Lubniewice
690,Kikelia,De Bruijne,kdebruijnej5@ucoz.com,Yaroslavskaya
692,Eduino,Fontell,efontellj7@unesco.org,Turenki
693,Lanna,Frichley,lfrichleyj8@domainmarket.com,Laško
695,Bertine,Salsbury,bsalsburyja@lulu.com,Badajoz
697,Suki,Stirton,sstirtonjc@artisteer.com,Xiaozhang
698,Lorianna,Dimmne,ldimmnejd@apache.org,Jiwei
699,Kerwin,Martino,kmartinoje@ucoz.com,Baiyanghe
701,Angy,Tremblet,atrembletjg@blinklist.com,Yuandianhui
702,Ernesto,Golsby,egolsbyjh@cornell.edu,Villazón
703,Basil,Bensusan,bbensusanji@twitpic.com,Kcynia
705,Talia,Gagie,tgagiejk@indiatimes.com,Broumov
706,Valene,Hatchard,vhatchardjl@wsj.com,Xiaoduchuan
707,Jessie,Yeomans,jyeomansjm@shutterfly.com,Metz
708,Tamar,Rehor,trehorjn@time.com,Marcq-en-Barœul
710,Isadora,Varah,ivarahjp@wsj.com,Runting
711,Roshelle,Lowson,rlowsonjq@deviantart.com,Kaesŏng
713,Ashli,Dawnay,adawnayjs@state.gov,Bunisari
714,Linette,Pleuman,lpleumanjt@mit.edu,Blobo
715,Grantham,Pembery,gpemberyju@wikipedia.org,Brak
716,Algernon,Rait,araitjv@ihg.com,Fada N'gourma
718,Emery,Bourdis,ebourdisjx@feedburner.com,Numan
719,Fairleigh,Veasey,fveaseyjy@histats.com,Arzila
720,Florian,Haythorn,fhaythornjz@wikispaces.com,Saint John
721,Allison,Stainburn,astainburnk0@slate.com,Ust’ye
723,Lucian,Billyard,lbillyardk2@comcast.net,Gondomar
725,Debi,Hainey,dhaineyk4@printfriendly.com,Xudat
726,Jasen,Giacometti,jgiacomettik5@ibm.com,Dongbei
727,Doralyn,Sigward,dsigwardk6@nytimes.com,Qiakeri
728,Patricia,Ucceli,puccelik7@tripod.com,Kafarati
729,Eduard,Darragon,edarragonk8@shutterfly.com,Centurion
731,Allsun,Vaggers,avaggerska@github.io,Zbąszyń
732,Karol,Nicklin,knicklinkb@nba.com,Wanlongshan
733,Alfy,Clopton,acloptonkc@prlog.org,Atambua
734,Flory,Iaduccelli,fiaduccellikd@imdb.com,Łopuszna
735,Datha,Openshaw,dopenshawke@time.com,Marabahan
736,Karoly,Inott,kinottkf@elpais.com,Charlottetown
737,Nevil,Beeston,nbeestonkg@sogou.com,St. Thomas
739,Carling,Cosser,ccosserki@imgur.com,Chalamarca
741,Hastie,Joskovitch,hjoskovitchkk@hhs.gov,Xindong
742,Vannie,Ommanney,vommanneykl@japanpost.jp,Ocho Rios
743,Harriot,Mauchlen,hmauchlenkm@wired.com,San Isidro
745,Caritta,Gammade,cgammadeko@pen.io,Shimen
746,Abbie,Preddy,apreddykp@jalbum.net,Jangas
748,Catherine,Girod,cgirodkr@nps.gov,Shahrisabz Shahri
749,Consuela,Votier,cvotierks@hc360.com,Fushi
750,Ugo,Manthorpe,umanthorpekt@usgs.gov,Kafr Kannā
751,Justino,Bransden,jbransdenku@unc.edu,Suwatu
752,Nari,Tuckerman,ntuckermankv@tinypic.com,Cimanggu Wetan
755,Juliet,Husselbee,jhusselbeeky@devhub.com,Zhongjiapu
758,Alethea,Kittless,akittlessl1@cloudflare.com,San Francisco
759,Dehlia,Prise,dprisel2@w3.org,Laizhou
760,Gerri,Wehner,gwehnerl3@exblog.jp,Bīr Zayt
762,Marven,Yakushkev,myakushkevl5@privacy.gov.au,Shuangcheng
764,Walden,Larive,wlarivel7@tripod.com,Stepnica
767,Geri,O'Kinedy,gokinedyla@wordpress.com,Maracanaú
768,Vic,Matteo,vmatteolb@tinyurl.com,Polonnaruwa
769,Eward,Clemot,eclemotlc@epa.gov,Śliwice
772,Curr,Le Sarr,clesarrlf@myspace.com,Córdoba
773,Bendicty,Shevelin,bshevelinlg@mlb.com,Svalyava
774,Corny,Wheeliker,cwheelikerlh@skype.com,Shishan
775,Guenevere,Tanti,gtantili@uol.com.br,Boyuibe
776,Maurise,Ferson,mfersonlj@google.es,Itsandra
777,Benji,Cardus,bcarduslk@cargocollective.com,Dongkengkou
778,Elsie,Hayland,ehaylandll@princeton.edu,Hanover
779,Theresina,Cristobal,tcristoballm@tmall.com,Ergates
782,Deloris,Colleer,dcolleerlp@goo.ne.jp,Nangewer
783,Alix,Culleton,aculletonlq@jiathis.com,Chervonohryhorivka
784,Leshia,Longmire,llongmirelr@buzzfeed.com,San Antonio
785,Janifer,Larmett,jlarmettls@example.com,Songlong
786,Kristi,Pretorius,kpretoriuslt@com.com,Baltimore
787,Jeanelle,Ghiraldi,jghiraldilu@issuu.com,Berlin
788,Pamela,Welburn,pwelburnlv@g.co,Zhaoqing
790,Rosie,Northgraves,rnorthgraveslx@blogspot.com,Ratoath
791,Kettie,Duffus,kduffusly@sohu.com,El Carmen de Bolívar
792,Gayle,Harrad,gharradlz@telegraph.co.uk,Salisbury
795,Goddart,Brotherick,gbrotherickm2@51.la,Serra Negra
796,Michaelina,Grinikhin,mgrinikhinm3@cbslocal.com,Linan
797,Luci,Shaddick,lshaddickm4@biblegateway.com,Shanghu
798,Evaleen,Facchini,efacchinim5@hud.gov,Obernai
799,Enrico,Olivelli,eolivellim6@dailymotion.com,Vallecillo
800,Darleen,Don,ddonm7@apache.org,Taiqing
801,Rogerio,Font,rfontm8@networkadvertising.org,Jiangguanchi
802,Kiersten,Rubinlicht,krubinlichtm9@blinklist.com,Temanjang
804,Twila,Wyer,twyermb@tiny.cc,Triwil
805,Ronny,Iggalden,riggaldenmc@goo.ne.jp,Egindiköl
806,Stephanie,Roaf,sroafmd@behance.net,Sérvia
807,Zea,Handmore,zhandmoreme@g.co,Prnjavor
808,Jayson,Guswell,jguswellmf@ox.ac.uk,Nokaneng
809,Maureen,Pool,mpoolmg@yahoo.com,Kishiwada
810,Meg,McLeese,mmcleesemh@sohu.com,Gandapura
812,Irvine,Northern,inorthernmj@tinypic.com,Xincheng
814,Elston,Musicka,emusickaml@eventbrite.com,Ždánice
815,Reynold,Delamar,rdelamarmm@ifeng.com,Fátima
816,Harmonia,Jindracek,hjindracekmn@comsenz.com,Progreso
817,Rahel,Stockill,rstockillmo@vinaora.com,Kloangrotat
818,Kin,Skillicorn,kskillicornmp@nhs.uk,Asia
819,Donall,Baylay,dbaylaymq@mapquest.com,San Francisco
821,Pate,Edgeson,pedgesonms@google.de,Ma'an
822,Charmian,Boness,cbonessmt@free.fr,Gataivai
824,Beverly,Platfoot,bplatfootmv@facebook.com,Gornje Živinice
825,Morten,Davenell,mdavenellmw@twitpic.com,Majie
826,Clywd,Peeke,cpeekemx@cpanel.net,Banbalah
827,Mordecai,Corston,mcorstonmy@vkontakte.ru,Senggapi
828,Holden,Albro,halbromz@spotify.com,Polkowice
830,Katine,Rooper,kroopern1@economist.com,Virginia
833,Stanly,Taggert,staggertn4@google.ru,Wuxue Shi
834,Oates,Loftie,oloftien5@princeton.edu,Negla
835,Fanni,Bertin,fbertinn6@discuz.net,Ibaraki
836,Elden,Frankum,efrankumn7@discovery.com,Vihāri
837,Timothea,Stobbes,tstobbesn8@sphinn.com,Onsala
838,Melony,Lilie,mlilien9@yellowbook.com,Jinniu
839,Dasi,August,daugustna@zdnet.com,Santa Anita
840,Vito,Kilban,vkilbannb@ask.com,Créteil
841,Caressa,Wimpeney,cwimpeneync@nyu.edu,Huacapampa
843,Vevay,Griniov,vgriniovne@mlb.com,Wa’eryi
844,Marius,Edgson,medgsonnf@icq.com,Aviúges
845,Timotheus,Blofeld,tblofeldng@npr.org,Pumai
846,Helenelizabeth,Gratrix,hgratrixnh@mysql.com,Belajen
847,Christalle,Etherington,cetheringtonni@blogtalkradio.com,Dobra
848,Sheelagh,Netti,snettinj@newsvine.com,Ananea
849,Smitty,Perillo,sperillonk@instagram.com,Cibunar
850,Hanny,Brasher,hbrashernl@pagesperso-orange.fr,Ózd
851,Lisetta,Damarell,ldamarellnm@aol.com,Iturama
852,Elbertina,Batchelar,ebatchelarnn@earthlink.net,Soko
855,Ban,Brouncker,bbrounckernq@themeforest.net,Tarata
856,Myrtle,Howlings,mhowlingsnr@joomla.org,Varpaisjärvi
857,Alexina,Perford,aperfordns@furl.net,Huangshi
858,Greer,Storck,gstorcknt@columbia.edu,Illintsi
860,Eloise,Shropshire,eshropshirenv@so-net.ne.jp,Niamtougou
862,Angeli,Blackmore,ablackmorenx@un.org,Atami
863,Barry,Finnimore,bfinnimoreny@comsenz.com,Sokobanteng
865,Joseito,Scola,jscolao0@addtoany.com,Tippi
866,Konstanze,Faircliffe,kfaircliffeo1@twitter.com,Lantian
867,Alexei,Lapish,alapisho2@tripod.com,Kamsack
870,Pennie,Peasey,ppeaseyo5@hp.com,Hongyang
873,Clem,Janus,cjanuso8@com.com,Ponta Delgada
874,Allene,Usherwood,ausherwoodo9@miitbeian.gov.cn,Kangaslampi
875,Kaiser,Trime,ktrimeoa@tripod.com,Prachin Buri
876,Gretel,Garthshore,ggarthshoreob@house.gov,La Julia
878,Coretta,Setter,csetterod@tmall.com,Paderne
879,Vonny,Fansy,vfansyoe@un.org,Zhonghekou
880,Giffie,Szymon,gszymonof@alexa.com,Limmared
881,Shandee,Olesen,solesenog@wix.com,Fermoy
882,Shellysheldon,Freak,sfreakoh@uiuc.edu,Zamostochcha
883,Norean,Dorie,ndorieoi@gmpg.org,Mammari
884,Rollie,Sleford,rslefordoj@vimeo.com,Gotovlje
885,Larina,Rollitt,lrollittok@geocities.jp,Tayug
886,Nettle,Ionnisian,nionnisianol@prweb.com,Ángeles
887,Ronica,Abyss,rabyssom@angelfire.com,Grzęska
889,Rosalia,Hinkins,rhinkinsoo@tamu.edu,Ilongero
890,Allard,Cucinotta,acucinottaop@epa.gov,Lorica
891,Marlyn,Pherps,mpherpsoq@ft.com,Chicago
892,Delora,Rubinsaft,drubinsaftor@cornell.edu,Manhuaçu
893,Tomasine,Hallbord,thallbordos@home.pl,Hofors
895,Findley,Pellington,fpellingtonou@infoseek.co.jp,Podgórzyn
897,Felix,Fall,ffallow@unesco.org,Mishima
900,Leslie,Jankovsky,ljankovskyoz@umn.edu,Ma‘lūlā
901,Juliet,Marsie,jmarsiep0@jimdo.com,Bang Bon
902,Minta,Biasioni,mbiasionip1@4shared.com,Sinarharapan
904,Adella,Livingston,alivingstonp3@goo.ne.jp,Taixi
906,Galvin,Ferrers,gferrersp5@constantcontact.com,Fuming
908,Gorden,Garron,ggarronp7@wired.com,Temirtau
909,Vinny,Poznan,vpoznanp8@163.com,Sanzhou
912,Cornall,Hatherall,chatherallpb@berkeley.edu,Santa Cruz de El Seibo
913,Sibel,Benbow,sbenbowpc@linkedin.com,Zhongxin
915,Annmarie,Cassie,acassiepe@example.com,Surovikino
917,Cherlyn,Sharer,csharerpg@discovery.com,Bzou
918,Eadmund,Normanvill,enormanvillph@upenn.edu,Meudon
921,Allard,Lowdwell,alowdwellpk@goo.ne.jp,Socota
922,Marcille,Eskrigge,meskriggepl@multiply.com,Terrugem
923,Juanita,Worthing,jworthingpm@cornell.edu,Chiang Khan
924,Dulcy,Camacho,dcamachopn@phpbb.com,Zheleznovodsk
925,Trix,Benedit,tbeneditpo@tumblr.com,Isojoki
926,Roxine,Rosoman,rrosomanpp@cbc.ca,Bokat
927,Cyndie,Dent,cdentpq@uiuc.edu,Templeogue
928,Bethany,Heberden,bheberdenpr@xinhuanet.com,Nogueira
931,Robin,Symers,rsymerspu@sourceforge.net,Bolong
932,Reinaldos,Hibbart,rhibbartpv@ebay.com,Dąbie
933,Nady,Caddock,ncaddockpw@admin.ch,Bagnères-de-Bigorre
935,Gabriele,Keher,gkeherpy@ocn.ne.jp,Al Jarādīyah
936,Herve,Sharrock,hsharrockpz@geocities.jp,Bilshivtsi
937,Faye,Lawles,flawlesq0@dedecms.com,Milano
938,Chrissie,MacGilrewy,cmacgilrewyq1@reverbnation.com,Nazaré
939,Prissie,Brett,pbrettq2@oracle.com,Wakefield
941,Teresa,Hartburn,thartburnq4@pagesperso-orange.fr,Labrador City
943,Lyndell,De Gowe,ldegoweq6@tripadvisor.com,Cabuyaro
944,Bastian,Moore,bmooreq7@spotify.com,Mirimire
946,Perkin,Dignon,pdignonq9@yellowbook.com,Prupuh
947,Yetta,Kemmey,ykemmeyqa@pcworld.com,Fosca
948,Sari,Mulholland,smulhollandqb@livejournal.com,Songgang-dong
949,Harlin,Cobbled,hcobbledqc@yelp.com,Youhua
950,Morganne,Lunam,mlunamqd@edublogs.org,Pomerode
954,Dorolisa,Khrishtafovich,dkhrishtafovichqh@businesswire.com,Taloy
955,Cordi,Lively,clivelyqi@seattletimes.com,Paombong
956,Carry,Simnel,csimnelqj@illinois.edu,Barat
957,Pooh,Smerdon,psmerdonqk@reddit.com,Gannan
958,Harmonie,Scholling,hschollingql@creativecommons.org,Ōdachō-ōda
959,Sari,Neave,sneaveqm@devhub.com,North Saanich
960,Afton,Dyet,adyetqn@1688.com,Mainit
963,Georgiana,Velte,gvelteqq@angelfire.com,Gangbei
964,Durand,Hunter,dhunterqr@va.gov,Pancheng
965,Nickolai,Belmont,nbelmontqs@skyrock.com,Pingle
968,Meaghan,Corkish,mcorkishqv@geocities.jp,Saposoa
970,Inga,Skehens,iskehensqx@bigcartel.com,Philadelphia
971,Hermon,McLanaghan,hmclanaghanqy@dropbox.com,Lingda
974,Andrew,Budgen,abudgenr1@auda.org.au,Néa Pélla
976,Rozella,Hicklingbottom,rhicklingbottomr3@diigo.com,Longos
977,Fitzgerald,Colbeck,fcolbeckr4@state.gov,Sōja
978,Welch,Teague,wteaguer5@examiner.com,Oliveira
979,Christian,Bonifas,cbonifasr6@youtu.be,Charlemagne
981,Caz,Fulstow,cfulstowr8@yelp.com,Xinhua
982,Roanna,Bittlestone,rbittlestoner9@theglobeandmail.com,Sarykemer
984,Brew,Plait,bplaitrb@thetimes.co.uk,Linhó
986,Gualterio,Jealous,gjealousrd@xinhuanet.com,Nässjö
988,Brucie,Going,bgoingrf@wix.com,Pindaré Mirim
989,Simone,Sturgis,ssturgisrg@g.co,Malita
990,Lorinda,Jedrzejczak,ljedrzejczakrh@army.mil,Atlanta
991,Ferdinande,Giacomuzzi,fgiacomuzziri@reuters.com,Ballsh
993,Clemmie,Kinnard,ckinnardrk@people.com.cn,Okanagan
994,Amandy,Hatchard,ahatchardrl@engadget.com,Čížkovice
995,Dale,Vanyushkin,dvanyushkinrm@biblegateway.com,Perth
996,Jerad,Blowne,jblownern@mtv.com,Yingkeng
997,Ezmeralda,Pitfield,epitfieldro@bloomberg.com,Ojo de Agua
998,Darrelle,Escolme,descolmerp@myspace.com,Duraznopampa
1000,Sidnee,Dehn,sdehnrr@wordpress.com,Fushan
